event_id,node_id,initial_x,initial_y,final_x,final_y,initial_sf,final_sf,initial_tx_power,final_tx_power,start_time,end_time,energy_J,result,gateway_id
6,3,818.6193201650208,586.1924351157043,537.3831900683317,576.8710373479313,7,7,14.0,2.0,0.03563285069675885,0.07966485069675885,0.0011060338335222978,Success,0.0
38,19,168.11466083844306,135.41053582114736,633.8819273324463,832.2531279835749,10,7,14.0,2.0,2.7068532430228784,2.9771892430228784,0.006790533303485736,Success,0.0
30,15,809.3768955961881,676.8838232593741,117.55316348988987,642.6570074197015,8,7,14.0,2.0,4.34311010345133,4.42093410345133,0.001954850496458015,Success,0.0
14,7,908.024159778063,733.4833770141684,461.04006339141677,340.2428184357249,12,7,14.0,2.0,6.897504482957716,7.815008482957716,0.023046658484557652,Success,0.0
26,13,561.9751347290974,952.8718265302819,754.3000643560098,92.66386472143273,11,7,14.0,2.0,7.027984585557408,7.568656585557408,0.013581066606971472,Success,0.0
42,15,809.3768955961881,676.8838232593741,117.55316348988987,642.6570074197015,8,7,14.0,2.0,7.270975487146318,7.3150074871463175,6.978601705044775e-05,Success,0.0
41,19,168.11466083844306,135.41053582114736,633.8819273324463,832.2531279835749,10,7,14.0,2.0,7.940842092706753,7.984874092706753,6.978601705044775e-05,Success,0.0
1,0,867.5861553957074,99.07880498304411,344.60059344330085,762.3930251895925,9,7,14.0,2.0,10.0,10.0,0.0,Mobility,
3,1,155.14910892458568,981.5825162292364,615.0136524200789,797.7720872348494,8,7,14.0,2.0,10.0,10.0,0.0,Mobility,
5,2,132.57140369433063,883.1392963863779,168.0128774969305,966.6840664694678,10,7,14.0,2.0,10.0,10.0,0.0,Mobility,
7,3,818.6193201650208,586.1924351157043,537.3831900683317,576.8710373479313,7,7,14.0,2.0,10.0,10.0,0.0,Mobility,
9,4,888.1998485511159,496.35843758049293,499.62278181515575,95.42064689277052,8,7,14.0,2.0,10.0,10.0,0.0,Mobility,
11,5,71.31908256740216,15.574884482125073,310.0120899946003,116.44401761230027,12,7,14.0,2.0,10.0,10.0,0.0,Mobility,
13,6,500.3736999066967,723.0609803129427,269.26139440784846,518.1739622265277,10,7,14.0,2.0,10.0,10.0,0.0,Mobility,
15,7,908.024159778063,733.4833770141684,461.04006339141677,340.2428184357249,12,7,14.0,2.0,10.0,10.0,0.0,Mobility,
17,8,706.2017592075204,17.841557656584904,978.8713664103964,724.8897591582424,9,7,14.0,2.0,10.0,10.0,0.0,Mobility,
19,9,623.8356088389882,482.3038907933122,558.004600316618,687.920898210358,8,7,14.0,2.0,10.0,10.0,0.0,Mobility,
21,10,475.43614994417794,48.392268693150385,69.32510327842733,193.94271475568857,11,7,14.0,2.0,10.0,10.0,0.0,Mobility,
23,11,450.84407337278986,548.7839762829241,495.5519041455759,28.899122478820093,12,7,14.0,2.0,10.0,10.0,0.0,Mobility,
25,12,848.9869617661523,285.06193778823075,47.95884442777299,483.0920285954779,8,7,14.0,2.0,10.0,10.0,0.0,Mobility,
27,13,561.9751347290974,952.8718265302819,754.3000643560098,92.66386472143273,11,7,14.0,2.0,10.0,10.0,0.0,Mobility,
29,14,718.8486539919267,858.4485978771494,749.797899225572,945.8186676152992,12,7,14.0,2.0,10.0,10.0,0.0,Mobility,
31,15,809.3768955961881,676.8838232593741,117.55316348988987,642.6570074197015,8,7,14.0,2.0,10.0,10.0,0.0,Mobility,
33,16,872.4011649911365,570.319211074428,842.6933760957166,559.5737743676073,12,7,14.0,2.0,10.0,10.0,0.0,Mobility,
35,17,762.606856882313,815.8512303884542,86.91413492003286,987.0416340377515,12,7,14.0,2.0,10.0,10.0,0.0,Mobility,
37,18,922.6988042065609,583.9012644750682,229.2980868053044,170.6478746213621,11,7,14.0,2.0,10.0,10.0,0.0,Mobility,
39,19,168.11466083844306,135.41053582114736,633.8819273324463,832.2531279835749,10,7,14.0,2.0,10.0,10.0,0.0,Mobility,
2,1,155.14910892458568,981.5825162292364,615.0136524200789,797.7720872348494,8,7,14.0,2.0,11.318123176288438,11.395947176288438,0.001954850496458015,Success,0.0
44,13,561.9751347290974,952.8718265302819,754.3000643560098,92.66386472143273,11,7,14.0,2.0,14.797015017328611,14.841047017328611,6.978601705044775e-05,Success,0.0
28,14,718.8486539919267,858.4485978771494,749.797899225572,945.8186676152992,12,7,14.0,2.0,15.67648744078895,16.59399144078895,0.023046658484557652,Success,0.0
47,0,867.5861553957074,99.07880498304411,344.60059344330085,762.3930251895925,9,7,14.0,2.0,20.0,20.0,0.0,Mobility,
48,1,155.14910892458568,981.5825162292364,615.0136524200789,797.7720872348494,8,7,14.0,2.0,20.0,20.0,0.0,Mobility,
49,2,132.57140369433063,883.1392963863779,168.0128774969305,966.6840664694678,10,7,14.0,2.0,20.0,20.0,0.0,Mobility,
50,3,818.6193201650208,586.1924351157043,537.3831900683317,576.8710373479313,7,7,14.0,2.0,20.0,20.0,0.0,Mobility,
51,4,888.1998485511159,496.35843758049293,499.62278181515575,95.42064689277052,8,7,14.0,2.0,20.0,20.0,0.0,Mobility,
52,5,71.31908256740216,15.574884482125073,310.0120899946003,116.44401761230027,12,7,14.0,2.0,20.0,20.0,0.0,Mobility,
53,6,500.3736999066967,723.0609803129427,269.26139440784846,518.1739622265277,10,7,14.0,2.0,20.0,20.0,0.0,Mobility,
54,7,908.024159778063,733.4833770141684,461.04006339141677,340.2428184357249,12,7,14.0,2.0,20.0,20.0,0.0,Mobility,
55,8,706.2017592075204,17.841557656584904,978.8713664103964,724.8897591582424,9,7,14.0,2.0,20.0,20.0,0.0,Mobility,
56,9,623.8356088389882,482.3038907933122,558.004600316618,687.920898210358,8,7,14.0,2.0,20.0,20.0,0.0,Mobility,
57,10,475.43614994417794,48.392268693150385,69.32510327842733,193.94271475568857,11,7,14.0,2.0,20.0,20.0,0.0,Mobility,
58,11,450.84407337278986,548.7839762829241,495.5519041455759,28.899122478820093,12,7,14.0,2.0,20.0,20.0,0.0,Mobility,
59,12,848.9869617661523,285.06193778823075,47.95884442777299,483.0920285954779,8,7,14.0,2.0,20.0,20.0,0.0,Mobility,
60,13,561.9751347290974,952.8718265302819,754.3000643560098,92.66386472143273,11,7,14.0,2.0,20.0,20.0,0.0,Mobility,
61,14,718.8486539919267,858.4485978771494,749.797899225572,945.8186676152992,12,7,14.0,2.0,20.0,20.0,0.0,Mobility,
62,15,809.3768955961881,676.8838232593741,117.55316348988987,642.6570074197015,8,7,14.0,2.0,20.0,20.0,0.0,Mobility,
63,16,872.4011649911365,570.319211074428,842.6933760957166,559.5737743676073,12,7,14.0,2.0,20.0,20.0,0.0,Mobility,
64,17,762.606856882313,815.8512303884542,86.91413492003286,987.0416340377515,12,7,14.0,2.0,20.0,20.0,0.0,Mobility,
65,18,922.6988042065609,583.9012644750682,229.2980868053044,170.6478746213621,11,7,14.0,2.0,20.0,20.0,0.0,Mobility,
66,19,168.11466083844306,135.41053582114736,633.8819273324463,832.2531279835749,10,7,14.0,2.0,20.0,20.0,0.0,Mobility,
24,12,848.9869617661523,285.06193778823075,47.95884442777299,483.0920285954779,8,7,14.0,2.0,20.1135063317922,20.191330331792198,0.001954850496458015,Success,0.0
67,1,155.14910892458568,981.5825162292364,615.0136524200789,797.7720872348494,8,7,14.0,2.0,20.197437149318638,20.24146914931864,6.978601705044775e-05,Success,0.0
34,17,762.606856882313,815.8512303884542,86.91413492003286,987.0416340377515,12,7,14.0,2.0,21.587702175609543,22.505206175609544,0.023046658484557652,Success,0.0
68,13,561.9751347290974,952.8718265302819,754.3000643560098,92.66386472143273,11,7,14.0,2.0,22.374789818652282,22.418821818652283,6.978601705044775e-05,Success,0.0
90,12,848.9869617661523,285.06193778823075,47.95884442777299,483.0920285954779,8,7,14.0,2.0,22.609334062971257,22.65336606297126,6.978601705044775e-05,Success,0.0
45,15,809.3768955961881,676.8838232593741,117.55316348988987,642.6570074197015,8,7,14.0,2.0,23.22482916057053,23.26886116057053,6.978601705044775e-05,Success,0.0
12,6,500.3736999066967,723.0609803129427,269.26139440784846,518.1739622265277,10,7,14.0,2.0,23.44828791823504,23.71862391823504,0.006790533303485736,Success,0.0
69,14,718.8486539919267,858.4485978771494,749.797899225572,945.8186676152992,12,7,14.0,2.0,23.65936016694182,23.70339216694182,6.978601705044775e-05,Success,0.0
95,15,809.3768955961881,676.8838232593741,117.55316348988987,642.6570074197015,8,7,14.0,2.0,24.858539495554755,24.902571495554756,6.978601705044775e-05,Success,0.0
0,0,867.5861553957074,99.07880498304411,344.60059344330085,762.3930251895925,9,7,14.0,2.0,26.7354712640661,26.8706392640661,0.003395266651742868,Success,0.0
10,5,71.31908256740216,15.574884482125073,310.0120899946003,116.44401761230027,12,7,14.0,2.0,27.983119402481776,28.900623402481777,0.023046658484557652,Success,0.0
97,14,718.8486539919267,858.4485978771494,749.797899225572,945.8186676152992,12,7,14.0,2.0,28.455275648932687,28.49930764893269,6.978601705044775e-05,Success,0.0
70,0,867.5861553957074,99.07880498304411,344.60059344330085,762.3930251895925,9,7,14.0,2.0,30.0,30.0,0.0,Mobility,
71,1,155.14910892458568,981.5825162292364,615.0136524200789,797.7720872348494,8,7,14.0,2.0,30.0,30.0,0.0,Mobility,
72,2,132.57140369433063,883.1392963863779,168.0128774969305,966.6840664694678,10,7,14.0,2.0,30.0,30.0,0.0,Mobility,
73,3,818.6193201650208,586.1924351157043,537.3831900683317,576.8710373479313,7,7,14.0,2.0,30.0,30.0,0.0,Mobility,
74,4,888.1998485511159,496.35843758049293,499.62278181515575,95.42064689277052,8,7,14.0,2.0,30.0,30.0,0.0,Mobility,
75,5,71.31908256740216,15.574884482125073,310.0120899946003,116.44401761230027,12,7,14.0,2.0,30.0,30.0,0.0,Mobility,
76,6,500.3736999066967,723.0609803129427,269.26139440784846,518.1739622265277,10,7,14.0,2.0,30.0,30.0,0.0,Mobility,
77,7,908.024159778063,733.4833770141684,461.04006339141677,340.2428184357249,12,7,14.0,2.0,30.0,30.0,0.0,Mobility,
78,8,706.2017592075204,17.841557656584904,978.8713664103964,724.8897591582424,9,7,14.0,2.0,30.0,30.0,0.0,Mobility,
79,9,623.8356088389882,482.3038907933122,558.004600316618,687.920898210358,8,7,14.0,2.0,30.0,30.0,0.0,Mobility,
80,10,475.43614994417794,48.392268693150385,69.32510327842733,193.94271475568857,11,7,14.0,2.0,30.0,30.0,0.0,Mobility,
81,11,450.84407337278986,548.7839762829241,495.5519041455759,28.899122478820093,12,7,14.0,2.0,30.0,30.0,0.0,Mobility,
82,12,848.9869617661523,285.06193778823075,47.95884442777299,483.0920285954779,8,7,14.0,2.0,30.0,30.0,0.0,Mobility,
83,13,561.9751347290974,952.8718265302819,754.3000643560098,92.66386472143273,11,7,14.0,2.0,30.0,30.0,0.0,Mobility,
84,14,718.8486539919267,858.4485978771494,749.797899225572,945.8186676152992,12,7,14.0,2.0,30.0,30.0,0.0,Mobility,
85,15,809.3768955961881,676.8838232593741,117.55316348988987,642.6570074197015,8,7,14.0,2.0,30.0,30.0,0.0,Mobility,
86,16,872.4011649911365,570.319211074428,842.6933760957166,559.5737743676073,12,7,14.0,2.0,30.0,30.0,0.0,Mobility,
87,17,762.606856882313,815.8512303884542,86.91413492003286,987.0416340377515,12,7,14.0,2.0,30.0,30.0,0.0,Mobility,
88,18,922.6988042065609,583.9012644750682,229.2980868053044,170.6478746213621,11,7,14.0,2.0,30.0,30.0,0.0,Mobility,
89,19,168.11466083844306,135.41053582114736,633.8819273324463,832.2531279835749,10,7,14.0,2.0,30.0,30.0,0.0,Mobility,
36,18,922.6988042065609,583.9012644750682,229.2980868053044,170.6478746213621,11,7,14.0,2.0,30.297126469999526,30.837798469999527,0.013581066606971472,Success,0.0
100,5,71.31908256740216,15.574884482125073,310.0120899946003,116.44401761230027,12,7,14.0,2.0,31.891837799172414,31.935869799172416,6.978601705044775e-05,Success,0.0
46,19,168.11466083844306,135.41053582114736,633.8819273324463,832.2531279835749,10,7,14.0,2.0,33.233977950625004,33.278009950625005,6.978601705044775e-05,Success,0.0
18,9,623.8356088389882,482.3038907933122,558.004600316618,687.920898210358,8,7,14.0,2.0,33.34240723588376,33.42023123588376,0.001954850496458015,Success,0.0
16,8,706.2017592075204,17.841557656584904,978.8713664103964,724.8897591582424,9,7,14.0,2.0,34.11787534179221,34.25304334179221,0.003395266651742868,Success,0.0
93,13,561.9751347290974,952.8718265302819,754.3000643560098,92.66386472143273,11,7,14.0,2.0,34.1253820393854,34.1694140393854,6.978601705044775e-05,Success,0.0
124,19,168.11466083844306,135.41053582114736,633.8819273324463,832.2531279835749,10,7,14.0,2.0,35.400586067001754,35.444618067001755,6.978601705044775e-05,Success,0.0
40,3,818.6193201650208,586.1924351157043,537.3831900683317,576.8710373479313,7,7,14.0,2.0,35.75621709743218,35.80024909743218,6.978601705044775e-05,Success,0.0
127,13,561.9751347290974,952.8718265302819,754.3000643560098,92.66386472143273,11,7,14.0,2.0,36.18093690823786,36.22496890823786,6.978601705044775e-05,Success,0.0
102,0,867.5861553957074,99.07880498304411,344.60059344330085,762.3930251895925,9,7,14.0,2.0,40.0,40.0,0.0,Mobility,
103,1,155.14910892458568,981.5825162292364,615.0136524200789,797.7720872348494,8,7,14.0,2.0,40.0,40.0,0.0,Mobility,
104,2,132.57140369433063,883.1392963863779,168.0128774969305,966.6840664694678,10,7,14.0,2.0,40.0,40.0,0.0,Mobility,
105,3,818.6193201650208,586.1924351157043,537.3831900683317,576.8710373479313,7,7,14.0,2.0,40.0,40.0,0.0,Mobility,
106,4,888.1998485511159,496.35843758049293,499.62278181515575,95.42064689277052,8,7,14.0,2.0,40.0,40.0,0.0,Mobility,
107,5,71.31908256740216,15.574884482125073,310.0120899946003,116.44401761230027,12,7,14.0,2.0,40.0,40.0,0.0,Mobility,
108,6,500.3736999066967,723.0609803129427,269.26139440784846,518.1739622265277,10,7,14.0,2.0,40.0,40.0,0.0,Mobility,
109,7,908.024159778063,733.4833770141684,461.04006339141677,340.2428184357249,12,7,14.0,2.0,40.0,40.0,0.0,Mobility,
110,8,706.2017592075204,17.841557656584904,978.8713664103964,724.8897591582424,9,7,14.0,2.0,40.0,40.0,0.0,Mobility,
111,9,623.8356088389882,482.3038907933122,558.004600316618,687.920898210358,8,7,14.0,2.0,40.0,40.0,0.0,Mobility,
112,10,475.43614994417794,48.392268693150385,69.32510327842733,193.94271475568857,11,7,14.0,2.0,40.0,40.0,0.0,Mobility,
113,11,450.84407337278986,548.7839762829241,495.5519041455759,28.899122478820093,12,7,14.0,2.0,40.0,40.0,0.0,Mobility,
114,12,848.9869617661523,285.06193778823075,47.95884442777299,483.0920285954779,8,7,14.0,2.0,40.0,40.0,0.0,Mobility,
115,13,561.9751347290974,952.8718265302819,754.3000643560098,92.66386472143273,11,7,14.0,2.0,40.0,40.0,0.0,Mobility,
116,14,718.8486539919267,858.4485978771494,749.797899225572,945.8186676152992,12,7,14.0,2.0,40.0,40.0,0.0,Mobility,
117,15,809.3768955961881,676.8838232593741,117.55316348988987,642.6570074197015,8,7,14.0,2.0,40.0,40.0,0.0,Mobility,
118,16,872.4011649911365,570.319211074428,842.6933760957166,559.5737743676073,12,7,14.0,2.0,40.0,40.0,0.0,Mobility,
119,17,762.606856882313,815.8512303884542,86.91413492003286,987.0416340377515,12,7,14.0,2.0,40.0,40.0,0.0,Mobility,
120,18,922.6988042065609,583.9012644750682,229.2980868053044,170.6478746213621,11,7,14.0,2.0,40.0,40.0,0.0,Mobility,
121,19,168.11466083844306,135.41053582114736,633.8819273324463,832.2531279835749,10,7,14.0,2.0,40.0,40.0,0.0,Mobility,
43,7,908.024159778063,733.4833770141684,461.04006339141677,340.2428184357249,12,7,14.0,2.0,41.15966692120401,41.20369892120401,6.978601705044775e-05,Success,0.0
101,14,718.8486539919267,858.4485978771494,749.797899225572,945.8186676152992,12,7,14.0,2.0,42.4054773961479,42.4495093961479,6.978601705044775e-05,Success,0.0
152,14,718.8486539919267,858.4485978771494,749.797899225572,945.8186676152992,12,7,14.0,2.0,45.53372236852564,45.57775436852564,6.978601705044775e-05,Success,0.0
128,19,168.11466083844306,135.41053582114736,633.8819273324463,832.2531279835749,10,7,14.0,2.0,48.34605949258502,48.39009149258502,6.978601705044775e-05,Success,0.0
96,6,500.3736999066967,723.0609803129427,269.26139440784846,518.1739622265277,10,7,14.0,2.0,49.81282414975095,49.85685614975095,6.978601705044775e-05,Success,0.0
131,0,867.5861553957074,99.07880498304411,344.60059344330085,762.3930251895925,9,7,14.0,2.0,50.0,50.0,0.0,Mobility,
132,1,155.14910892458568,981.5825162292364,615.0136524200789,797.7720872348494,8,7,14.0,2.0,50.0,50.0,0.0,Mobility,
133,2,132.57140369433063,883.1392963863779,168.0128774969305,966.6840664694678,10,7,14.0,2.0,50.0,50.0,0.0,Mobility,
134,3,818.6193201650208,586.1924351157043,537.3831900683317,576.8710373479313,7,7,14.0,2.0,50.0,50.0,0.0,Mobility,
135,4,888.1998485511159,496.35843758049293,499.62278181515575,95.42064689277052,8,7,14.0,2.0,50.0,50.0,0.0,Mobility,
136,5,71.31908256740216,15.574884482125073,310.0120899946003,116.44401761230027,12,7,14.0,2.0,50.0,50.0,0.0,Mobility,
137,6,500.3736999066967,723.0609803129427,269.26139440784846,518.1739622265277,10,7,14.0,2.0,50.0,50.0,0.0,Mobility,
138,7,908.024159778063,733.4833770141684,461.04006339141677,340.2428184357249,12,7,14.0,2.0,50.0,50.0,0.0,Mobility,
139,8,706.2017592075204,17.841557656584904,978.8713664103964,724.8897591582424,9,7,14.0,2.0,50.0,50.0,0.0,Mobility,
140,9,623.8356088389882,482.3038907933122,558.004600316618,687.920898210358,8,7,14.0,2.0,50.0,50.0,0.0,Mobility,
141,10,475.43614994417794,48.392268693150385,69.32510327842733,193.94271475568857,11,7,14.0,2.0,50.0,50.0,0.0,Mobility,
142,11,450.84407337278986,548.7839762829241,495.5519041455759,28.899122478820093,12,7,14.0,2.0,50.0,50.0,0.0,Mobility,
143,12,848.9869617661523,285.06193778823075,47.95884442777299,483.0920285954779,8,7,14.0,2.0,50.0,50.0,0.0,Mobility,
144,13,561.9751347290974,952.8718265302819,754.3000643560098,92.66386472143273,11,7,14.0,2.0,50.0,50.0,0.0,Mobility,
145,14,718.8486539919267,858.4485978771494,749.797899225572,945.8186676152992,12,7,14.0,2.0,50.0,50.0,0.0,Mobility,
146,15,809.3768955961881,676.8838232593741,117.55316348988987,642.6570074197015,8,7,14.0,2.0,50.0,50.0,0.0,Mobility,
147,16,872.4011649911365,570.319211074428,842.6933760957166,559.5737743676073,12,7,14.0,2.0,50.0,50.0,0.0,Mobility,
148,17,762.606856882313,815.8512303884542,86.91413492003286,987.0416340377515,12,7,14.0,2.0,50.0,50.0,0.0,Mobility,
149,18,922.6988042065609,583.9012644750682,229.2980868053044,170.6478746213621,11,7,14.0,2.0,50.0,50.0,0.0,Mobility,
150,19,168.11466083844306,135.41053582114736,633.8819273324463,832.2531279835749,10,7,14.0,2.0,50.0,50.0,0.0,Mobility,
99,0,867.5861553957074,99.07880498304411,344.60059344330085,762.3930251895925,9,7,14.0,2.0,50.02052205647742,50.06455405647742,6.978601705044775e-05,Success,0.0
154,19,168.11466083844306,135.41053582114736,633.8819273324463,832.2531279835749,10,7,14.0,2.0,52.029486262424854,52.073518262424855,6.978601705044775e-05,Success,0.0
155,6,500.3736999066967,723.0609803129427,269.26139440784846,518.1739622265277,10,7,14.0,2.0,52.09225769306891,52.13628969306891,6.978601705044775e-05,Success,0.0
176,0,867.5861553957074,99.07880498304411,344.60059344330085,762.3930251895925,9,7,14.0,2.0,52.21709049352978,52.26112249352978,6.978601705044775e-05,Success,0.0
91,1,155.14910892458568,981.5825162292364,615.0136524200789,797.7720872348494,8,7,14.0,2.0,53.42969084973809,53.47372284973809,6.978601705044775e-05,Success,0.0
178,6,500.3736999066967,723.0609803129427,269.26139440784846,518.1739622265277,10,7,14.0,2.0,58.265648416167394,58.309680416167396,6.978601705044775e-05,Success,0.0
179,0,867.5861553957074,99.07880498304411,344.60059344330085,762.3930251895925,9,7,14.0,2.0,58.83313268581499,58.87716468581499,6.978601705044775e-05,Success,0.0
123,5,71.31908256740216,15.574884482125073,310.0120899946003,116.44401761230027,12,7,14.0,2.0,59.14492365548696,59.188955655486964,6.978601705044775e-05,Success,0.0
156,0,867.5861553957074,99.07880498304411,344.60059344330085,762.3930251895925,9,7,14.0,2.0,60.0,60.0,0.0,Mobility,
157,1,155.14910892458568,981.5825162292364,615.0136524200789,797.7720872348494,8,7,14.0,2.0,60.0,60.0,0.0,Mobility,
158,2,132.57140369433063,883.1392963863779,168.0128774969305,966.6840664694678,10,7,14.0,2.0,60.0,60.0,0.0,Mobility,
159,3,818.6193201650208,586.1924351157043,537.3831900683317,576.8710373479313,7,7,14.0,2.0,60.0,60.0,0.0,Mobility,
160,4,888.1998485511159,496.35843758049293,499.62278181515575,95.42064689277052,8,7,14.0,2.0,60.0,60.0,0.0,Mobility,
161,5,71.31908256740216,15.574884482125073,310.0120899946003,116.44401761230027,12,7,14.0,2.0,60.0,60.0,0.0,Mobility,
162,6,500.3736999066967,723.0609803129427,269.26139440784846,518.1739622265277,10,7,14.0,2.0,60.0,60.0,0.0,Mobility,
163,7,908.024159778063,733.4833770141684,461.04006339141677,340.2428184357249,12,7,14.0,2.0,60.0,60.0,0.0,Mobility,
164,8,706.2017592075204,17.841557656584904,978.8713664103964,724.8897591582424,9,7,14.0,2.0,60.0,60.0,0.0,Mobility,
165,9,623.8356088389882,482.3038907933122,558.004600316618,687.920898210358,8,7,14.0,2.0,60.0,60.0,0.0,Mobility,
166,10,475.43614994417794,48.392268693150385,69.32510327842733,193.94271475568857,11,7,14.0,2.0,60.0,60.0,0.0,Mobility,
167,11,450.84407337278986,548.7839762829241,495.5519041455759,28.899122478820093,12,7,14.0,2.0,60.0,60.0,0.0,Mobility,
168,12,848.9869617661523,285.06193778823075,47.95884442777299,483.0920285954779,8,7,14.0,2.0,60.0,60.0,0.0,Mobility,
169,13,561.9751347290974,952.8718265302819,754.3000643560098,92.66386472143273,11,7,14.0,2.0,60.0,60.0,0.0,Mobility,
170,14,718.8486539919267,858.4485978771494,749.797899225572,945.8186676152992,12,7,14.0,2.0,60.0,60.0,0.0,Mobility,
171,15,809.3768955961881,676.8838232593741,117.55316348988987,642.6570074197015,8,7,14.0,2.0,60.0,60.0,0.0,Mobility,
172,16,872.4011649911365,570.319211074428,842.6933760957166,559.5737743676073,12,7,14.0,2.0,60.0,60.0,0.0,Mobility,
173,17,762.606856882313,815.8512303884542,86.91413492003286,987.0416340377515,12,7,14.0,2.0,60.0,60.0,0.0,Mobility,
174,18,922.6988042065609,583.9012644750682,229.2980868053044,170.6478746213621,11,7,14.0,2.0,60.0,60.0,0.0,Mobility,
175,19,168.11466083844306,135.41053582114736,633.8819273324463,832.2531279835749,10,7,14.0,2.0,60.0,60.0,0.0,Mobility,
8,4,888.1998485511159,496.35843758049293,499.62278181515575,95.42064689277052,8,7,14.0,2.0,61.55990010611604,61.63772410611604,0.001954850496458015,Success,0.0
183,5,71.31908256740216,15.574884482125073,310.0120899946003,116.44401761230027,12,7,14.0,2.0,61.74564851496905,61.78968051496905,6.978601705044775e-05,Success,0.0
181,6,500.3736999066967,723.0609803129427,269.26139440784846,518.1739622265277,10,7,14.0,2.0,65.1960919535116,65.2401239535116,6.978601705044775e-05,Success,0.0
182,0,867.5861553957074,99.07880498304411,344.60059344330085,762.3930251895925,9,7,14.0,2.0,66.27046154175243,66.31449354175243,6.978601705044775e-05,Success,0.0
177,19,168.11466083844306,135.41053582114736,633.8819273324463,832.2531279835749,10,7,14.0,2.0,66.90542487509335,66.94945687509335,6.978601705044775e-05,Success,0.0
20,10,475.43614994417794,48.392268693150385,69.32510327842733,193.94271475568857,11,7,14.0,2.0,67.16420634915282,67.70487834915282,0.013581066606971472,Success,0.0
22,11,450.84407337278986,548.7839762829241,495.5519041455759,28.899122478820093,12,7,14.0,2.0,67.72934879860638,68.64685279860637,0.023046658484557652,Success,0.0
126,8,706.2017592075204,17.841557656584904,978.8713664103964,724.8897591582424,9,7,14.0,2.0,69.21997193787725,69.26400393787725,6.978601705044775e-05,Success,0.0
184,0,867.5861553957074,99.07880498304411,344.60059344330085,762.3930251895925,9,7,14.0,2.0,70.0,70.0,0.0,Mobility,
185,1,155.14910892458568,981.5825162292364,615.0136524200789,797.7720872348494,8,7,14.0,2.0,70.0,70.0,0.0,Mobility,
186,2,132.57140369433063,883.1392963863779,168.0128774969305,966.6840664694678,10,7,14.0,2.0,70.0,70.0,0.0,Mobility,
187,3,818.6193201650208,586.1924351157043,537.3831900683317,576.8710373479313,7,7,14.0,2.0,70.0,70.0,0.0,Mobility,
188,4,888.1998485511159,496.35843758049293,499.62278181515575,95.42064689277052,8,7,14.0,2.0,70.0,70.0,0.0,Mobility,
189,5,71.31908256740216,15.574884482125073,310.0120899946003,116.44401761230027,12,7,14.0,2.0,70.0,70.0,0.0,Mobility,
190,6,500.3736999066967,723.0609803129427,269.26139440784846,518.1739622265277,10,7,14.0,2.0,70.0,70.0,0.0,Mobility,
191,7,908.024159778063,733.4833770141684,461.04006339141677,340.2428184357249,12,7,14.0,2.0,70.0,70.0,0.0,Mobility,
192,8,706.2017592075204,17.841557656584904,978.8713664103964,724.8897591582424,9,7,14.0,2.0,70.0,70.0,0.0,Mobility,
193,9,623.8356088389882,482.3038907933122,558.004600316618,687.920898210358,8,7,14.0,2.0,70.0,70.0,0.0,Mobility,
194,10,475.43614994417794,48.392268693150385,69.32510327842733,193.94271475568857,11,7,14.0,2.0,70.0,70.0,0.0,Mobility,
195,11,450.84407337278986,548.7839762829241,495.5519041455759,28.899122478820093,12,7,14.0,2.0,70.0,70.0,0.0,Mobility,
196,12,848.9869617661523,285.06193778823075,47.95884442777299,483.0920285954779,8,7,14.0,2.0,70.0,70.0,0.0,Mobility,
197,13,561.9751347290974,952.8718265302819,754.3000643560098,92.66386472143273,11,7,14.0,2.0,70.0,70.0,0.0,Mobility,
198,14,718.8486539919267,858.4485978771494,749.797899225572,945.8186676152992,12,7,14.0,2.0,70.0,70.0,0.0,Mobility,
199,15,809.3768955961881,676.8838232593741,117.55316348988987,642.6570074197015,8,7,14.0,2.0,70.0,70.0,0.0,Mobility,
200,16,872.4011649911365,570.319211074428,842.6933760957166,559.5737743676073,12,7,14.0,2.0,70.0,70.0,0.0,Mobility,
201,17,762.606856882313,815.8512303884542,86.91413492003286,987.0416340377515,12,7,14.0,2.0,70.0,70.0,0.0,Mobility,
202,18,922.6988042065609,583.9012644750682,229.2980868053044,170.6478746213621,11,7,14.0,2.0,70.0,70.0,0.0,Mobility,
203,19,168.11466083844306,135.41053582114736,633.8819273324463,832.2531279835749,10,7,14.0,2.0,70.0,70.0,0.0,Mobility,
153,14,718.8486539919267,858.4485978771494,749.797899225572,945.8186676152992,12,7,14.0,2.0,73.57615141711678,73.62018341711678,6.978601705044775e-05,Success,0.0
130,13,561.9751347290974,952.8718265302819,754.3000643560098,92.66386472143273,11,7,14.0,2.0,74.66313959001796,74.70717159001796,6.978601705044775e-05,Success,0.0
98,15,809.3768955961881,676.8838232593741,117.55316348988987,642.6570074197015,8,7,14.0,2.0,75.83210291266302,75.87613491266302,6.978601705044775e-05,Success,0.0
209,10,475.43614994417794,48.392268693150385,69.32510327842733,193.94271475568857,11,7,14.0,2.0,76.20260881985287,76.24664081985287,6.978601705044775e-05,Success,0.0
211,8,706.2017592075204,17.841557656584904,978.8713664103964,724.8897591582424,9,7,14.0,2.0,76.92502285892968,76.96905485892968,6.978601705044775e-05,Success,0.0
180,1,155.14910892458568,981.5825162292364,615.0136524200789,797.7720872348494,8,7,14.0,2.0,77.05847699269108,77.10250899269109,6.978601705044775e-05,Success,0.0
129,3,818.6193201650208,586.1924351157043,537.3831900683317,576.8710373479313,7,7,14.0,2.0,77.69639165427739,77.7404236542774,6.978601705044775e-05,Success,0.0
232,14,718.8486539919267,858.4485978771494,749.797899225572,945.8186676152992,12,7,14.0,2.0,78.53849648142001,78.58252848142001,6.978601705044775e-05,Success,0.0
122,18,922.6988042065609,583.9012644750682,229.2980868053044,170.6478746213621,11,7,14.0,2.0,78.96326577479532,79.00729777479532,6.978601705044775e-05,Success,0.0
212,0,867.5861553957074,99.07880498304411,344.60059344330085,762.3930251895925,9,7,14.0,2.0,80.0,80.0,0.0,Mobility,
213,1,155.14910892458568,981.5825162292364,615.0136524200789,797.7720872348494,8,7,14.0,2.0,80.0,80.0,0.0,Mobility,
214,2,132.57140369433063,883.1392963863779,168.0128774969305,966.6840664694678,10,7,14.0,2.0,80.0,80.0,0.0,Mobility,
215,3,818.6193201650208,586.1924351157043,537.3831900683317,576.8710373479313,7,7,14.0,2.0,80.0,80.0,0.0,Mobility,
216,4,888.1998485511159,496.35843758049293,499.62278181515575,95.42064689277052,8,7,14.0,2.0,80.0,80.0,0.0,Mobility,
217,5,71.31908256740216,15.574884482125073,310.0120899946003,116.44401761230027,12,7,14.0,2.0,80.0,80.0,0.0,Mobility,
218,6,500.3736999066967,723.0609803129427,269.26139440784846,518.1739622265277,10,7,14.0,2.0,80.0,80.0,0.0,Mobility,
219,7,908.024159778063,733.4833770141684,461.04006339141677,340.2428184357249,12,7,14.0,2.0,80.0,80.0,0.0,Mobility,
220,8,706.2017592075204,17.841557656584904,978.8713664103964,724.8897591582424,9,7,14.0,2.0,80.0,80.0,0.0,Mobility,
221,9,623.8356088389882,482.3038907933122,558.004600316618,687.920898210358,8,7,14.0,2.0,80.0,80.0,0.0,Mobility,
222,10,475.43614994417794,48.392268693150385,69.32510327842733,193.94271475568857,11,7,14.0,2.0,80.0,80.0,0.0,Mobility,
223,11,450.84407337278986,548.7839762829241,495.5519041455759,28.899122478820093,12,7,14.0,2.0,80.0,80.0,0.0,Mobility,
224,12,848.9869617661523,285.06193778823075,47.95884442777299,483.0920285954779,8,7,14.0,2.0,80.0,80.0,0.0,Mobility,
225,13,561.9751347290974,952.8718265302819,754.3000643560098,92.66386472143273,11,7,14.0,2.0,80.0,80.0,0.0,Mobility,
226,14,718.8486539919267,858.4485978771494,749.797899225572,945.8186676152992,12,7,14.0,2.0,80.0,80.0,0.0,Mobility,
227,15,809.3768955961881,676.8838232593741,117.55316348988987,642.6570074197015,8,7,14.0,2.0,80.0,80.0,0.0,Mobility,
228,16,872.4011649911365,570.319211074428,842.6933760957166,559.5737743676073,12,7,14.0,2.0,80.0,80.0,0.0,Mobility,
229,17,762.606856882313,815.8512303884542,86.91413492003286,987.0416340377515,12,7,14.0,2.0,80.0,80.0,0.0,Mobility,
230,18,922.6988042065609,583.9012644750682,229.2980868053044,170.6478746213621,11,7,14.0,2.0,80.0,80.0,0.0,Mobility,
231,19,168.11466083844306,135.41053582114736,633.8819273324463,832.2531279835749,10,7,14.0,2.0,80.0,80.0,0.0,Mobility,
237,1,155.14910892458568,981.5825162292364,615.0136524200789,797.7720872348494,8,7,14.0,2.0,80.37487958072504,80.41891158072504,6.978601705044775e-05,Success,0.0
239,14,718.8486539919267,858.4485978771494,749.797899225572,945.8186676152992,12,7,14.0,2.0,80.80475863062499,80.84879063062499,6.978601705044775e-05,Success,0.0
125,9,623.8356088389882,482.3038907933122,558.004600316618,687.920898210358,8,7,14.0,2.0,81.14491720899719,81.18894920899719,6.978601705044775e-05,CollisionLoss,
207,0,867.5861553957074,99.07880498304411,344.60059344330085,762.3930251895925,9,7,14.0,2.0,81.18544228834139,81.2294742883414,6.978601705044775e-05,Success,0.0
240,18,922.6988042065609,583.9012644750682,229.2980868053044,170.6478746213621,11,7,14.0,2.0,81.6174711144944,81.66150311449441,6.978601705044775e-05,Success,0.0
92,17,762.606856882313,815.8512303884542,86.91413492003286,987.0416340377515,12,7,14.0,2.0,81.7580511623193,81.8020831623193,6.978601705044775e-05,Success,0.0
236,8,706.2017592075204,17.841557656584904,978.8713664103964,724.8897591582424,9,7,14.0,2.0,84.20432379492097,84.24835579492097,6.978601705044775e-05,Success,0.0
266,17,762.606856882313,815.8512303884542,86.91413492003286,987.0416340377515,12,7,14.0,2.0,85.6457243207409,85.6897563207409,6.978601705044775e-05,Success,0.0
210,11,450.84407337278986,548.7839762829241,495.5519041455759,28.899122478820093,12,7,14.0,2.0,85.85496227531753,85.89899427531753,6.978601705044775e-05,Success,0.0
204,4,888.1998485511159,496.35843758049293,499.62278181515575,95.42064689277052,8,7,14.0,2.0,87.78785244484924,87.83188444484924,6.978601705044775e-05,Success,0.0
32,16,872.4011649911365,570.319211074428,842.6933760957166,559.5737743676073,12,7,14.0,2.0,88.26542181837468,89.18292581837467,0.023046658484557652,Success,0.0
4,2,132.57140369433063,883.1392963863779,168.0128774969305,966.6840664694678,10,7,14.0,2.0,88.53388733042416,88.80422333042416,0.006790533303485736,Success,0.0
233,13,561.9751347290974,952.8718265302819,754.3000643560098,92.66386472143273,11,7,14.0,2.0,88.99932387174375,89.04335587174376,6.978601705044775e-05,Success,0.0
270,4,888.1998485511159,496.35843758049293,499.62278181515575,95.42064689277052,8,7,14.0,2.0,89.70641875874942,89.75045075874942,6.978601705044775e-05,Success,0.0
205,5,71.31908256740216,15.574884482125073,310.0120899946003,116.44401761230027,12,7,14.0,2.0,89.78870598176496,89.83273798176496,6.978601705044775e-05,Success,0.0
241,0,867.5861553957074,99.07880498304411,344.60059344330085,762.3930251895925,9,7,14.0,2.0,90.0,90.0,0.0,Mobility,
242,1,155.14910892458568,981.5825162292364,615.0136524200789,797.7720872348494,8,7,14.0,2.0,90.0,90.0,0.0,Mobility,
243,2,132.57140369433063,883.1392963863779,168.0128774969305,966.6840664694678,10,7,14.0,2.0,90.0,90.0,0.0,Mobility,
244,3,818.6193201650208,586.1924351157043,537.3831900683317,576.8710373479313,7,7,14.0,2.0,90.0,90.0,0.0,Mobility,
245,4,888.1998485511159,496.35843758049293,499.62278181515575,95.42064689277052,8,7,14.0,2.0,90.0,90.0,0.0,Mobility,
246,5,71.31908256740216,15.574884482125073,310.0120899946003,116.44401761230027,12,7,14.0,2.0,90.0,90.0,0.0,Mobility,
247,6,500.3736999066967,723.0609803129427,269.26139440784846,518.1739622265277,10,7,14.0,2.0,90.0,90.0,0.0,Mobility,
248,7,908.024159778063,733.4833770141684,461.04006339141677,340.2428184357249,12,7,14.0,2.0,90.0,90.0,0.0,Mobility,
249,8,706.2017592075204,17.841557656584904,978.8713664103964,724.8897591582424,9,7,14.0,2.0,90.0,90.0,0.0,Mobility,
250,9,623.8356088389882,482.3038907933122,558.004600316618,687.920898210358,8,7,14.0,2.0,90.0,90.0,0.0,Mobility,
251,10,475.43614994417794,48.392268693150385,69.32510327842733,193.94271475568857,11,7,14.0,2.0,90.0,90.0,0.0,Mobility,
252,11,450.84407337278986,548.7839762829241,495.5519041455759,28.899122478820093,12,7,14.0,2.0,90.0,90.0,0.0,Mobility,
253,12,848.9869617661523,285.06193778823075,47.95884442777299,483.0920285954779,8,7,14.0,2.0,90.0,90.0,0.0,Mobility,
254,13,561.9751347290974,952.8718265302819,754.3000643560098,92.66386472143273,11,7,14.0,2.0,90.0,90.0,0.0,Mobility,
255,14,718.8486539919267,858.4485978771494,749.797899225572,945.8186676152992,12,7,14.0,2.0,90.0,90.0,0.0,Mobility,
256,15,809.3768955961881,676.8838232593741,117.55316348988987,642.6570074197015,8,7,14.0,2.0,90.0,90.0,0.0,Mobility,
257,16,872.4011649911365,570.319211074428,842.6933760957166,559.5737743676073,12,7,14.0,2.0,90.0,90.0,0.0,Mobility,
258,17,762.606856882313,815.8512303884542,86.91413492003286,987.0416340377515,12,7,14.0,2.0,90.0,90.0,0.0,Mobility,
259,18,922.6988042065609,583.9012644750682,229.2980868053044,170.6478746213621,11,7,14.0,2.0,90.0,90.0,0.0,Mobility,
260,19,168.11466083844306,135.41053582114736,633.8819273324463,832.2531279835749,10,7,14.0,2.0,90.0,90.0,0.0,Mobility,
265,18,922.6988042065609,583.9012644750682,229.2980868053044,170.6478746213621,11,7,14.0,2.0,90.70731757467712,90.75134957467712,6.978601705044775e-05,Success,0.0
269,11,450.84407337278986,548.7839762829241,495.5519041455759,28.899122478820093,12,7,14.0,2.0,91.10753560120665,91.15156760120665,6.978601705044775e-05,Success,0.0
275,5,71.31908256740216,15.574884482125073,310.0120899946003,116.44401761230027,12,7,14.0,2.0,94.2891064072486,94.3331384072486,6.978601705044775e-05,Success,0.0
151,7,908.024159778063,733.4833770141684,461.04006339141677,340.2428184357249,12,7,14.0,2.0,94.68884776698633,94.73287976698633,6.978601705044775e-05,Success,0.0
299,7,908.024159778063,733.4833770141684,461.04006339141677,340.2428184357249,12,7,14.0,2.0,94.81551978686504,94.85955178686504,6.978601705044775e-05,Success,0.0
94,12,848.9869617661523,285.06193778823075,47.95884442777299,483.0920285954779,8,7,14.0,2.0,96.70266614220756,96.74669814220756,6.978601705044775e-05,Success,0.0
296,18,922.6988042065609,583.9012644750682,229.2980868053044,170.6478746213621,11,7,14.0,2.0,97.12227538439201,97.16630738439201,6.978601705044775e-05,Success,0.0
238,3,818.6193201650208,586.1924351157043,537.3831900683317,576.8710373479313,7,7,14.0,2.0,97.5283035977672,97.5723355977672,6.978601705044775e-05,Success,0.0
267,8,706.2017592075204,17.841557656584904,978.8713664103964,724.8897591582424,9,7,14.0,2.0,98.58695057142612,98.63098257142612,6.978601705044775e-05,Success,0.0
276,0,867.5861553957074,99.07880498304411,344.60059344330085,762.3930251895925,9,7,14.0,2.0,100.0,100.0,0.0,Mobility,
277,1,155.14910892458568,981.5825162292364,615.0136524200789,797.7720872348494,8,7,14.0,2.0,100.0,100.0,0.0,Mobility,
278,2,132.57140369433063,883.1392963863779,168.0128774969305,966.6840664694678,10,7,14.0,2.0,100.0,100.0,0.0,Mobility,
279,3,818.6193201650208,586.1924351157043,537.3831900683317,576.8710373479313,7,7,14.0,2.0,100.0,100.0,0.0,Mobility,
280,4,888.1998485511159,496.35843758049293,499.62278181515575,95.42064689277052,8,7,14.0,2.0,100.0,100.0,0.0,Mobility,
281,5,71.31908256740216,15.574884482125073,310.0120899946003,116.44401761230027,12,7,14.0,2.0,100.0,100.0,0.0,Mobility,
282,6,500.3736999066967,723.0609803129427,269.26139440784846,518.1739622265277,10,7,14.0,2.0,100.0,100.0,0.0,Mobility,
283,7,908.024159778063,733.4833770141684,461.04006339141677,340.2428184357249,12,7,14.0,2.0,100.0,100.0,0.0,Mobility,
284,8,706.2017592075204,17.841557656584904,978.8713664103964,724.8897591582424,9,7,14.0,2.0,100.0,100.0,0.0,Mobility,
285,9,623.8356088389882,482.3038907933122,558.004600316618,687.920898210358,8,7,14.0,2.0,100.0,100.0,0.0,Mobility,
286,10,475.43614994417794,48.392268693150385,69.32510327842733,193.94271475568857,11,7,14.0,2.0,100.0,100.0,0.0,Mobility,
287,11,450.84407337278986,548.7839762829241,495.5519041455759,28.899122478820093,12,7,14.0,2.0,100.0,100.0,0.0,Mobility,
288,12,848.9869617661523,285.06193778823075,47.95884442777299,483.0920285954779,8,7,14.0,2.0,100.0,100.0,0.0,Mobility,
289,13,561.9751347290974,952.8718265302819,754.3000643560098,92.66386472143273,11,7,14.0,2.0,100.0,100.0,0.0,Mobility,
290,14,718.8486539919267,858.4485978771494,749.797899225572,945.8186676152992,12,7,14.0,2.0,100.0,100.0,0.0,Mobility,
291,15,809.3768955961881,676.8838232593741,117.55316348988987,642.6570074197015,8,7,14.0,2.0,100.0,100.0,0.0,Mobility,
292,16,872.4011649911365,570.319211074428,842.6933760957166,559.5737743676073,12,7,14.0,2.0,100.0,100.0,0.0,Mobility,
293,17,762.606856882313,815.8512303884542,86.91413492003286,987.0416340377515,12,7,14.0,2.0,100.0,100.0,0.0,Mobility,
294,18,922.6988042065609,583.9012644750682,229.2980868053044,170.6478746213621,11,7,14.0,2.0,100.0,100.0,0.0,Mobility,
295,19,168.11466083844306,135.41053582114736,633.8819273324463,832.2531279835749,10,7,14.0,2.0,100.0,100.0,0.0,Mobility,
263,9,623.8356088389882,482.3038907933122,558.004600316618,687.920898210358,8,7,14.0,2.0,104.29942822514597,104.37725222514598,0.00012334272781009369,Success,0.0
208,19,168.11466083844306,135.41053582114736,633.8819273324463,832.2531279835749,10,7,14.0,2.0,104.52135775361504,104.56538975361504,6.978601705044775e-05,Success,0.0
303,3,818.6193201650208,586.1924351157043,537.3831900683317,576.8710373479313,7,7,14.0,2.0,104.70594361652658,104.74997561652658,6.978601705044775e-05,Success,0.0
297,11,450.84407337278986,548.7839762829241,495.5519041455759,28.899122478820093,12,7,14.0,2.0,105.1237762534512,105.1678082534512,6.978601705044775e-05,Success,0.0
325,9,623.8356088389882,482.3038907933122,558.004600316618,687.920898210358,8,7,14.0,2.0,105.36511050179854,105.40914250179854,6.978601705044775e-05,Success,0.0
206,6,500.3736999066967,723.0609803129427,269.26139440784846,518.1739622265277,10,7,14.0,2.0,105.42813246362887,105.47216446362887,6.978601705044775e-05,Success,0.0
271,16,872.4011649911365,570.319211074428,842.6933760957166,559.5737743676073,12,7,14.0,2.0,105.72300134439404,105.76703334439404,6.978601705044775e-05,Success,0.0
234,15,809.3768955961881,676.8838232593741,117.55316348988987,642.6570074197015,8,7,14.0,2.0,105.98476702991604,106.02879902991604,6.978601705044775e-05,Success,0.0
304,8,706.2017592075204,17.841557656584904,978.8713664103964,724.8897591582424,9,7,14.0,2.0,106.27841601846646,106.32244801846646,6.978601705044775e-05,Success,0.0
268,17,762.606856882313,815.8512303884542,86.91413492003286,987.0416340377515,12,7,14.0,2.0,106.58328471316074,106.62731671316074,6.978601705044775e-05,Success,0.0
300,7,908.024159778063,733.4833770141684,461.04006339141677,340.2428184357249,12,7,14.0,2.0,107.33429274615732,107.37832474615732,6.978601705044775e-05,Success,0.0
301,12,848.9869617661523,285.06193778823075,47.95884442777299,483.0920285954779,8,7,14.0,2.0,109.20560324078046,109.24963524078046,6.978601705044775e-05,Success,0.0
305,0,867.5861553957074,99.07880498304411,344.60059344330085,762.3930251895925,9,7,14.0,2.0,110.0,110.0,0.0,Mobility,
306,1,155.14910892458568,981.5825162292364,615.0136524200789,797.7720872348494,8,7,14.0,2.0,110.0,110.0,0.0,Mobility,
307,2,132.57140369433063,883.1392963863779,168.0128774969305,966.6840664694678,10,7,14.0,2.0,110.0,110.0,0.0,Mobility,
308,3,818.6193201650208,586.1924351157043,537.3831900683317,576.8710373479313,7,7,14.0,2.0,110.0,110.0,0.0,Mobility,
309,4,888.1998485511159,496.35843758049293,499.62278181515575,95.42064689277052,8,7,14.0,2.0,110.0,110.0,0.0,Mobility,
310,5,71.31908256740216,15.574884482125073,310.0120899946003,116.44401761230027,12,7,14.0,2.0,110.0,110.0,0.0,Mobility,
311,6,500.3736999066967,723.0609803129427,269.26139440784846,518.1739622265277,10,7,14.0,2.0,110.0,110.0,0.0,Mobility,
312,7,908.024159778063,733.4833770141684,461.04006339141677,340.2428184357249,12,7,14.0,2.0,110.0,110.0,0.0,Mobility,
313,8,706.2017592075204,17.841557656584904,978.8713664103964,724.8897591582424,9,7,14.0,2.0,110.0,110.0,0.0,Mobility,
314,9,623.8356088389882,482.3038907933122,558.004600316618,687.920898210358,8,7,14.0,2.0,110.0,110.0,0.0,Mobility,
315,10,475.43614994417794,48.392268693150385,69.32510327842733,193.94271475568857,11,7,14.0,2.0,110.0,110.0,0.0,Mobility,
316,11,450.84407337278986,548.7839762829241,495.5519041455759,28.899122478820093,12,7,14.0,2.0,110.0,110.0,0.0,Mobility,
317,12,848.9869617661523,285.06193778823075,47.95884442777299,483.0920285954779,8,7,14.0,2.0,110.0,110.0,0.0,Mobility,
318,13,561.9751347290974,952.8718265302819,754.3000643560098,92.66386472143273,11,7,14.0,2.0,110.0,110.0,0.0,Mobility,
319,14,718.8486539919267,858.4485978771494,749.797899225572,945.8186676152992,12,7,14.0,2.0,110.0,110.0,0.0,Mobility,
320,15,809.3768955961881,676.8838232593741,117.55316348988987,642.6570074197015,8,7,14.0,2.0,110.0,110.0,0.0,Mobility,
321,16,872.4011649911365,570.319211074428,842.6933760957166,559.5737743676073,12,7,14.0,2.0,110.0,110.0,0.0,Mobility,
322,17,762.606856882313,815.8512303884542,86.91413492003286,987.0416340377515,12,7,14.0,2.0,110.0,110.0,0.0,Mobility,
323,18,922.6988042065609,583.9012644750682,229.2980868053044,170.6478746213621,11,7,14.0,2.0,110.0,110.0,0.0,Mobility,
324,19,168.11466083844306,135.41053582114736,633.8819273324463,832.2531279835749,10,7,14.0,2.0,110.0,110.0,0.0,Mobility,
335,7,908.024159778063,733.4833770141684,461.04006339141677,340.2428184357249,12,7,14.0,2.0,110.39749551339324,110.44152751339324,6.978601705044775e-05,Success,0.0
235,10,475.43614994417794,48.392268693150385,69.32510327842733,193.94271475568857,11,7,14.0,2.0,110.85889319895321,110.90292519895321,6.978601705044775e-05,Success,0.0
298,5,71.31908256740216,15.574884482125073,310.0120899946003,116.44401761230027,12,7,14.0,2.0,112.65464926672641,112.69868126672641,6.978601705044775e-05,Success,0.0
274,4,888.1998485511159,496.35843758049293,499.62278181515575,95.42064689277052,8,7,14.0,2.0,113.58447346962521,113.62850546962521,6.978601705044775e-05,Success,0.0
264,0,867.5861553957074,99.07880498304411,344.60059344330085,762.3930251895925,9,7,14.0,2.0,114.7846388016526,114.8286708016526,6.978601705044775e-05,Success,0.0
332,15,809.3768955961881,676.8838232593741,117.55316348988987,642.6570074197015,8,7,14.0,2.0,115.28317457101775,115.32720657101775,6.978601705044775e-05,Success,0.0
330,6,500.3736999066967,723.0609803129427,269.26139440784846,518.1739622265277,10,7,14.0,2.0,116.22837435458194,116.27240635458195,6.978601705044775e-05,Success,0.0
360,4,888.1998485511159,496.35843758049293,499.62278181515575,95.42064689277052,8,7,14.0,2.0,116.78226200206305,116.82629400206305,6.978601705044775e-05,Success,0.0
302,18,922.6988042065609,583.9012644750682,229.2980868053044,170.6478746213621,11,7,14.0,2.0,117.8804766244931,117.9245086244931,6.978601705044775e-05,Success,0.0
337,0,867.5861553957074,99.07880498304411,344.60059344330085,762.3930251895925,9,7,14.0,2.0,120.0,120.0,0.0,Mobility,
338,1,155.14910892458568,981.5825162292364,615.0136524200789,797.7720872348494,8,7,14.0,2.0,120.0,120.0,0.0,Mobility,
339,2,132.57140369433063,883.1392963863779,168.0128774969305,966.6840664694678,10,7,14.0,2.0,120.0,120.0,0.0,Mobility,
340,3,818.6193201650208,586.1924351157043,537.3831900683317,576.8710373479313,7,7,14.0,2.0,120.0,120.0,0.0,Mobility,
341,4,888.1998485511159,496.35843758049293,499.62278181515575,95.42064689277052,8,7,14.0,2.0,120.0,120.0,0.0,Mobility,
342,5,71.31908256740216,15.574884482125073,310.0120899946003,116.44401761230027,12,7,14.0,2.0,120.0,120.0,0.0,Mobility,
343,6,500.3736999066967,723.0609803129427,269.26139440784846,518.1739622265277,10,7,14.0,2.0,120.0,120.0,0.0,Mobility,
344,7,908.024159778063,733.4833770141684,461.04006339141677,340.2428184357249,12,7,14.0,2.0,120.0,120.0,0.0,Mobility,
345,8,706.2017592075204,17.841557656584904,978.8713664103964,724.8897591582424,9,7,14.0,2.0,120.0,120.0,0.0,Mobility,
346,9,623.8356088389882,482.3038907933122,558.004600316618,687.920898210358,8,7,14.0,2.0,120.0,120.0,0.0,Mobility,
347,10,475.43614994417794,48.392268693150385,69.32510327842733,193.94271475568857,11,7,14.0,2.0,120.0,120.0,0.0,Mobility,
348,11,450.84407337278986,548.7839762829241,495.5519041455759,28.899122478820093,12,7,14.0,2.0,120.0,120.0,0.0,Mobility,
349,12,848.9869617661523,285.06193778823075,47.95884442777299,483.0920285954779,8,7,14.0,2.0,120.0,120.0,0.0,Mobility,
350,13,561.9751347290974,952.8718265302819,754.3000643560098,92.66386472143273,11,7,14.0,2.0,120.0,120.0,0.0,Mobility,
351,14,718.8486539919267,858.4485978771494,749.797899225572,945.8186676152992,12,7,14.0,2.0,120.0,120.0,0.0,Mobility,
352,15,809.3768955961881,676.8838232593741,117.55316348988987,642.6570074197015,8,7,14.0,2.0,120.0,120.0,0.0,Mobility,
353,16,872.4011649911365,570.319211074428,842.6933760957166,559.5737743676073,12,7,14.0,2.0,120.0,120.0,0.0,Mobility,
354,17,762.606856882313,815.8512303884542,86.91413492003286,987.0416340377515,12,7,14.0,2.0,120.0,120.0,0.0,Mobility,
355,18,922.6988042065609,583.9012644750682,229.2980868053044,170.6478746213621,11,7,14.0,2.0,120.0,120.0,0.0,Mobility,
356,19,168.11466083844306,135.41053582114736,633.8819273324463,832.2531279835749,10,7,14.0,2.0,120.0,120.0,0.0,Mobility,
327,3,818.6193201650208,586.1924351157043,537.3831900683317,576.8710373479313,7,7,14.0,2.0,121.33019638590791,121.37422838590791,6.978601705044775e-05,Success,0.0
386,3,818.6193201650208,586.1924351157043,537.3831900683317,576.8710373479313,7,7,14.0,2.0,122.5784901174033,122.6225221174033,6.978601705044775e-05,Success,0.0
326,19,168.11466083844306,135.41053582114736,633.8819273324463,832.2531279835749,10,7,14.0,2.0,123.51834993984838,123.56238193984838,6.978601705044775e-05,Success,0.0
333,8,706.2017592075204,17.841557656584904,978.8713664103964,724.8897591582424,9,7,14.0,2.0,123.96639975604572,124.01043175604572,6.978601705044775e-05,Success,0.0
362,15,809.3768955961881,676.8838232593741,117.55316348988987,642.6570074197015,8,7,14.0,2.0,125.45139758716101,125.49542958716101,6.978601705044775e-05,Success,0.0
331,16,872.4011649911365,570.319211074428,842.6933760957166,559.5737743676073,12,7,14.0,2.0,129.2904642077966,129.33449620779658,6.978601705044775e-05,Success,0.0
366,0,867.5861553957074,99.07880498304411,344.60059344330085,762.3930251895925,9,7,14.0,2.0,130.0,130.0,0.0,Mobility,
367,1,155.14910892458568,981.5825162292364,615.0136524200789,797.7720872348494,8,7,14.0,2.0,130.0,130.0,0.0,Mobility,
368,2,132.57140369433063,883.1392963863779,168.0128774969305,966.6840664694678,10,7,14.0,2.0,130.0,130.0,0.0,Mobility,
369,3,818.6193201650208,586.1924351157043,537.3831900683317,576.8710373479313,7,7,14.0,2.0,130.0,130.0,0.0,Mobility,
370,4,888.1998485511159,496.35843758049293,499.62278181515575,95.42064689277052,8,7,14.0,2.0,130.0,130.0,0.0,Mobility,
371,5,71.31908256740216,15.574884482125073,310.0120899946003,116.44401761230027,12,7,14.0,2.0,130.0,130.0,0.0,Mobility,
372,6,500.3736999066967,723.0609803129427,269.26139440784846,518.1739622265277,10,7,14.0,2.0,130.0,130.0,0.0,Mobility,
373,7,908.024159778063,733.4833770141684,461.04006339141677,340.2428184357249,12,7,14.0,2.0,130.0,130.0,0.0,Mobility,
374,8,706.2017592075204,17.841557656584904,978.8713664103964,724.8897591582424,9,7,14.0,2.0,130.0,130.0,0.0,Mobility,
375,9,623.8356088389882,482.3038907933122,558.004600316618,687.920898210358,8,7,14.0,2.0,130.0,130.0,0.0,Mobility,
376,10,475.43614994417794,48.392268693150385,69.32510327842733,193.94271475568857,11,7,14.0,2.0,130.0,130.0,0.0,Mobility,
377,11,450.84407337278986,548.7839762829241,495.5519041455759,28.899122478820093,12,7,14.0,2.0,130.0,130.0,0.0,Mobility,
378,12,848.9869617661523,285.06193778823075,47.95884442777299,483.0920285954779,8,7,14.0,2.0,130.0,130.0,0.0,Mobility,
379,13,561.9751347290974,952.8718265302819,754.3000643560098,92.66386472143273,11,7,14.0,2.0,130.0,130.0,0.0,Mobility,
380,14,718.8486539919267,858.4485978771494,749.797899225572,945.8186676152992,12,7,14.0,2.0,130.0,130.0,0.0,Mobility,
381,15,809.3768955961881,676.8838232593741,117.55316348988987,642.6570074197015,8,7,14.0,2.0,130.0,130.0,0.0,Mobility,
382,16,872.4011649911365,570.319211074428,842.6933760957166,559.5737743676073,12,7,14.0,2.0,130.0,130.0,0.0,Mobility,
383,17,762.606856882313,815.8512303884542,86.91413492003286,987.0416340377515,12,7,14.0,2.0,130.0,130.0,0.0,Mobility,
384,18,922.6988042065609,583.9012644750682,229.2980868053044,170.6478746213621,11,7,14.0,2.0,130.0,130.0,0.0,Mobility,
385,19,168.11466083844306,135.41053582114736,633.8819273324463,832.2531279835749,10,7,14.0,2.0,130.0,130.0,0.0,Mobility,
358,10,475.43614994417794,48.392268693150385,69.32510327842733,193.94271475568857,11,7,14.0,2.0,130.8355459974805,130.87957799748048,6.978601705044775e-05,Success,0.0
389,8,706.2017592075204,17.841557656584904,978.8713664103964,724.8897591582424,9,7,14.0,2.0,132.66550761473437,132.70953961473435,6.978601705044775e-05,Success,0.0
334,17,762.606856882313,815.8512303884542,86.91413492003286,987.0416340377515,12,7,14.0,2.0,134.3811479945631,134.42517999456308,6.978601705044775e-05,Success,0.0
390,15,809.3768955961881,676.8838232593741,117.55316348988987,642.6570074197015,8,7,14.0,2.0,134.65104037442555,134.69507237442554,6.978601705044775e-05,Success,0.0
412,10,475.43614994417794,48.392268693150385,69.32510327842733,193.94271475568857,11,7,14.0,2.0,135.46252255169972,135.5065545516997,6.978601705044775e-05,Success,0.0
273,13,561.9751347290974,952.8718265302819,754.3000643560098,92.66386472143273,11,7,14.0,2.0,136.12942141819332,136.1734534181933,6.978601705044775e-05,Success,0.0
329,9,623.8356088389882,482.3038907933122,558.004600316618,687.920898210358,8,7,14.0,2.0,137.43170524497563,137.47573724497562,6.978601705044775e-05,Success,0.0
392,0,867.5861553957074,99.07880498304411,344.60059344330085,762.3930251895925,9,7,14.0,2.0,140.0,140.0,0.0,Mobility,
393,1,155.14910892458568,981.5825162292364,615.0136524200789,797.7720872348494,8,7,14.0,2.0,140.0,140.0,0.0,Mobility,
394,2,132.57140369433063,883.1392963863779,168.0128774969305,966.6840664694678,10,7,14.0,2.0,140.0,140.0,0.0,Mobility,
395,3,818.6193201650208,586.1924351157043,537.3831900683317,576.8710373479313,7,7,14.0,2.0,140.0,140.0,0.0,Mobility,
396,4,888.1998485511159,496.35843758049293,499.62278181515575,95.42064689277052,8,7,14.0,2.0,140.0,140.0,0.0,Mobility,
397,5,71.31908256740216,15.574884482125073,310.0120899946003,116.44401761230027,12,7,14.0,2.0,140.0,140.0,0.0,Mobility,
398,6,500.3736999066967,723.0609803129427,269.26139440784846,518.1739622265277,10,7,14.0,2.0,140.0,140.0,0.0,Mobility,
399,7,908.024159778063,733.4833770141684,461.04006339141677,340.2428184357249,12,7,14.0,2.0,140.0,140.0,0.0,Mobility,
400,8,706.2017592075204,17.841557656584904,978.8713664103964,724.8897591582424,9,7,14.0,2.0,140.0,140.0,0.0,Mobility,
401,9,623.8356088389882,482.3038907933122,558.004600316618,687.920898210358,8,7,14.0,2.0,140.0,140.0,0.0,Mobility,
402,10,475.43614994417794,48.392268693150385,69.32510327842733,193.94271475568857,11,7,14.0,2.0,140.0,140.0,0.0,Mobility,
403,11,450.84407337278986,548.7839762829241,495.5519041455759,28.899122478820093,12,7,14.0,2.0,140.0,140.0,0.0,Mobility,
404,12,848.9869617661523,285.06193778823075,47.95884442777299,483.0920285954779,8,7,14.0,2.0,140.0,140.0,0.0,Mobility,
405,13,561.9751347290974,952.8718265302819,754.3000643560098,92.66386472143273,11,7,14.0,2.0,140.0,140.0,0.0,Mobility,
406,14,718.8486539919267,858.4485978771494,749.797899225572,945.8186676152992,12,7,14.0,2.0,140.0,140.0,0.0,Mobility,
407,15,809.3768955961881,676.8838232593741,117.55316348988987,642.6570074197015,8,7,14.0,2.0,140.0,140.0,0.0,Mobility,
408,16,872.4011649911365,570.319211074428,842.6933760957166,559.5737743676073,12,7,14.0,2.0,140.0,140.0,0.0,Mobility,
409,17,762.606856882313,815.8512303884542,86.91413492003286,987.0416340377515,12,7,14.0,2.0,140.0,140.0,0.0,Mobility,
410,18,922.6988042065609,583.9012644750682,229.2980868053044,170.6478746213621,11,7,14.0,2.0,140.0,140.0,0.0,Mobility,
411,19,168.11466083844306,135.41053582114736,633.8819273324463,832.2531279835749,10,7,14.0,2.0,140.0,140.0,0.0,Mobility,
336,12,848.9869617661523,285.06193778823075,47.95884442777299,483.0920285954779,8,7,14.0,2.0,141.4150166509872,141.4590486509872,6.978601705044775e-05,Success,0.0
364,4,888.1998485511159,496.35843758049293,499.62278181515575,95.42064689277052,8,7,14.0,2.0,142.4836588367676,142.5276908367676,6.978601705044775e-05,Success,0.0
391,16,872.4011649911365,570.319211074428,842.6933760957166,559.5737743676073,12,7,14.0,2.0,142.50430016741797,142.54833216741795,6.978601705044775e-05,CollisionLoss,
414,17,762.606856882313,815.8512303884542,86.91413492003286,987.0416340377515,12,7,14.0,2.0,143.67416419647438,143.71819619647437,6.978601705044775e-05,Success,0.0
418,9,623.8356088389882,482.3038907933122,558.004600316618,687.920898210358,8,7,14.0,2.0,144.09263328716364,144.13666528716362,6.978601705044775e-05,CollisionLoss,
416,10,475.43614994417794,48.392268693150385,69.32510327842733,193.94271475568857,11,7,14.0,2.0,144.10940678490846,144.15343878490845,6.978601705044775e-05,Success,0.0
441,16,872.4011649911365,570.319211074428,842.6933760957166,559.5737743676073,12,7,14.0,2.0,144.36755651991078,144.44538051991077,0.00012334272781009369,Success,0.0
413,8,706.2017592075204,17.841557656584904,978.8713664103964,724.8897591582424,9,7,14.0,2.0,144.37340582864113,144.4174378286411,6.978601705044775e-05,Success,0.0
443,9,623.8356088389882,482.3038907933122,558.004600316618,687.920898210358,8,7,14.0,2.0,144.5745006771449,144.6523246771449,0.00012334272781009369,Success,0.0
417,13,561.9751347290974,952.8718265302819,754.3000643560098,92.66386472143273,11,7,14.0,2.0,144.89595011868076,144.93998211868075,6.978601705044775e-05,Success,0.0
445,16,872.4011649911365,570.319211074428,842.6933760957166,559.5737743676073,12,7,14.0,2.0,145.22751710028624,145.27154910028622,6.978601705044775e-05,Success,0.0
448,13,561.9751347290974,952.8718265302819,754.3000643560098,92.66386472143273,11,7,14.0,2.0,145.24919272744017,145.29322472744016,6.978601705044775e-05,CollisionLoss,
363,6,500.3736999066967,723.0609803129427,269.26139440784846,518.1739622265277,10,7,14.0,2.0,146.33613967638783,146.38017167638782,6.978601705044775e-05,Success,0.0
450,13,561.9751347290974,952.8718265302819,754.3000643560098,92.66386472143273,11,7,14.0,2.0,146.73200134320936,146.80982534320935,0.00012334272781009369,Success,0.0
365,18,922.6988042065609,583.9012644750682,229.2980868053044,170.6478746213621,11,7,14.0,2.0,148.16798435517242,148.2120163551724,6.978601705044775e-05,Success,0.0
328,11,450.84407337278986,548.7839762829241,495.5519041455759,28.899122478820093,12,7,14.0,2.0,149.36394988756493,149.40798188756492,6.978601705044775e-05,Success,0.0
444,10,475.43614994417794,48.392268693150385,69.32510327842733,193.94271475568857,11,7,14.0,2.0,149.79685742258727,149.84088942258725,6.978601705044775e-05,Success,0.0
419,0,867.5861553957074,99.07880498304411,344.60059344330085,762.3930251895925,9,7,14.0,2.0,150.0,150.0,0.0,Mobility,
420,1,155.14910892458568,981.5825162292364,615.0136524200789,797.7720872348494,8,7,14.0,2.0,150.0,150.0,0.0,Mobility,
421,2,132.57140369433063,883.1392963863779,168.0128774969305,966.6840664694678,10,7,14.0,2.0,150.0,150.0,0.0,Mobility,
422,3,818.6193201650208,586.1924351157043,537.3831900683317,576.8710373479313,7,7,14.0,2.0,150.0,150.0,0.0,Mobility,
423,4,888.1998485511159,496.35843758049293,499.62278181515575,95.42064689277052,8,7,14.0,2.0,150.0,150.0,0.0,Mobility,
424,5,71.31908256740216,15.574884482125073,310.0120899946003,116.44401761230027,12,7,14.0,2.0,150.0,150.0,0.0,Mobility,
425,6,500.3736999066967,723.0609803129427,269.26139440784846,518.1739622265277,10,7,14.0,2.0,150.0,150.0,0.0,Mobility,
426,7,908.024159778063,733.4833770141684,461.04006339141677,340.2428184357249,12,7,14.0,2.0,150.0,150.0,0.0,Mobility,
427,8,706.2017592075204,17.841557656584904,978.8713664103964,724.8897591582424,9,7,14.0,2.0,150.0,150.0,0.0,Mobility,
428,9,623.8356088389882,482.3038907933122,558.004600316618,687.920898210358,8,7,14.0,2.0,150.0,150.0,0.0,Mobility,
429,10,475.43614994417794,48.392268693150385,69.32510327842733,193.94271475568857,11,7,14.0,2.0,150.0,150.0,0.0,Mobility,
430,11,450.84407337278986,548.7839762829241,495.5519041455759,28.899122478820093,12,7,14.0,2.0,150.0,150.0,0.0,Mobility,
431,12,848.9869617661523,285.06193778823075,47.95884442777299,483.0920285954779,8,7,14.0,2.0,150.0,150.0,0.0,Mobility,
432,13,561.9751347290974,952.8718265302819,754.3000643560098,92.66386472143273,11,7,14.0,2.0,150.0,150.0,0.0,Mobility,
433,14,718.8486539919267,858.4485978771494,749.797899225572,945.8186676152992,12,7,14.0,2.0,150.0,150.0,0.0,Mobility,
434,15,809.3768955961881,676.8838232593741,117.55316348988987,642.6570074197015,8,7,14.0,2.0,150.0,150.0,0.0,Mobility,
435,16,872.4011649911365,570.319211074428,842.6933760957166,559.5737743676073,12,7,14.0,2.0,150.0,150.0,0.0,Mobility,
436,17,762.606856882313,815.8512303884542,86.91413492003286,987.0416340377515,12,7,14.0,2.0,150.0,150.0,0.0,Mobility,
437,18,922.6988042065609,583.9012644750682,229.2980868053044,170.6478746213621,11,7,14.0,2.0,150.0,150.0,0.0,Mobility,
438,19,168.11466083844306,135.41053582114736,633.8819273324463,832.2531279835749,10,7,14.0,2.0,150.0,150.0,0.0,Mobility,
453,18,922.6988042065609,583.9012644750682,229.2980868053044,170.6478746213621,11,7,14.0,2.0,150.30071076293532,150.3447427629353,6.978601705044775e-05,Success,0.0
262,14,718.8486539919267,858.4485978771494,749.797899225572,945.8186676152992,12,7,14.0,2.0,150.80134385211102,150.845375852111,6.978601705044775e-05,Success,0.0
476,18,922.6988042065609,583.9012644750682,229.2980868053044,170.6478746213621,11,7,14.0,2.0,153.19464643297206,153.23867843297205,6.978601705044775e-05,Success,0.0
449,16,872.4011649911365,570.319211074428,842.6933760957166,559.5737743676073,12,7,14.0,2.0,156.15266436660994,156.19669636660993,6.978601705044775e-05,Success,0.0
359,5,71.31908256740216,15.574884482125073,310.0120899946003,116.44401761230027,12,7,14.0,2.0,157.516130042969,157.56016204296898,6.978601705044775e-05,Success,0.0
479,16,872.4011649911365,570.319211074428,842.6933760957166,559.5737743676073,12,7,14.0,2.0,158.56186255542033,158.60589455542032,6.978601705044775e-05,Success,0.0
261,1,155.14910892458568,981.5825162292364,615.0136524200789,797.7720872348494,8,7,14.0,2.0,159.36738675926608,159.41141875926607,6.978601705044775e-05,Success,0.0
415,15,809.3768955961881,676.8838232593741,117.55316348988987,642.6570074197015,8,7,14.0,2.0,159.7197099119463,159.76374191194628,6.978601705044775e-05,Success,0.0
456,0,867.5861553957074,99.07880498304411,344.60059344330085,762.3930251895925,9,7,14.0,2.0,160.0,160.0,0.0,Mobility,
457,1,155.14910892458568,981.5825162292364,615.0136524200789,797.7720872348494,8,7,14.0,2.0,160.0,160.0,0.0,Mobility,
458,2,132.57140369433063,883.1392963863779,168.0128774969305,966.6840664694678,10,7,14.0,2.0,160.0,160.0,0.0,Mobility,
459,3,818.6193201650208,586.1924351157043,537.3831900683317,576.8710373479313,7,7,14.0,2.0,160.0,160.0,0.0,Mobility,
460,4,888.1998485511159,496.35843758049293,499.62278181515575,95.42064689277052,8,7,14.0,2.0,160.0,160.0,0.0,Mobility,
461,5,71.31908256740216,15.574884482125073,310.0120899946003,116.44401761230027,12,7,14.0,2.0,160.0,160.0,0.0,Mobility,
462,6,500.3736999066967,723.0609803129427,269.26139440784846,518.1739622265277,10,7,14.0,2.0,160.0,160.0,0.0,Mobility,
463,7,908.024159778063,733.4833770141684,461.04006339141677,340.2428184357249,12,7,14.0,2.0,160.0,160.0,0.0,Mobility,
464,8,706.2017592075204,17.841557656584904,978.8713664103964,724.8897591582424,9,7,14.0,2.0,160.0,160.0,0.0,Mobility,
465,9,623.8356088389882,482.3038907933122,558.004600316618,687.920898210358,8,7,14.0,2.0,160.0,160.0,0.0,Mobility,
466,10,475.43614994417794,48.392268693150385,69.32510327842733,193.94271475568857,11,7,14.0,2.0,160.0,160.0,0.0,Mobility,
467,11,450.84407337278986,548.7839762829241,495.5519041455759,28.899122478820093,12,7,14.0,2.0,160.0,160.0,0.0,Mobility,
468,12,848.9869617661523,285.06193778823075,47.95884442777299,483.0920285954779,8,7,14.0,2.0,160.0,160.0,0.0,Mobility,
469,13,561.9751347290974,952.8718265302819,754.3000643560098,92.66386472143273,11,7,14.0,2.0,160.0,160.0,0.0,Mobility,
470,14,718.8486539919267,858.4485978771494,749.797899225572,945.8186676152992,12,7,14.0,2.0,160.0,160.0,0.0,Mobility,
471,15,809.3768955961881,676.8838232593741,117.55316348988987,642.6570074197015,8,7,14.0,2.0,160.0,160.0,0.0,Mobility,
472,16,872.4011649911365,570.319211074428,842.6933760957166,559.5737743676073,12,7,14.0,2.0,160.0,160.0,0.0,Mobility,
473,17,762.606856882313,815.8512303884542,86.91413492003286,987.0416340377515,12,7,14.0,2.0,160.0,160.0,0.0,Mobility,
474,18,922.6988042065609,583.9012644750682,229.2980868053044,170.6478746213621,11,7,14.0,2.0,160.0,160.0,0.0,Mobility,
475,19,168.11466083844306,135.41053582114736,633.8819273324463,832.2531279835749,10,7,14.0,2.0,160.0,160.0,0.0,Mobility,
388,19,168.11466083844306,135.41053582114736,633.8819273324463,832.2531279835749,10,7,14.0,2.0,162.845995345637,162.89002734563698,6.978601705044775e-05,Success,0.0
452,13,561.9751347290974,952.8718265302819,754.3000643560098,92.66386472143273,11,7,14.0,2.0,163.6890073297914,163.73303932979138,6.978601705044775e-05,Success,0.0
483,15,809.3768955961881,676.8838232593741,117.55316348988987,642.6570074197015,8,7,14.0,2.0,164.5563112221298,164.6003432221298,6.978601705044775e-05,Success,0.0
440,4,888.1998485511159,496.35843758049293,499.62278181515575,95.42064689277052,8,7,14.0,2.0,165.03729021596652,165.0813222159665,6.978601705044775e-05,Success,0.0
504,19,168.11466083844306,135.41053582114736,633.8819273324463,832.2531279835749,10,7,14.0,2.0,165.31989415002758,165.36392615002757,6.978601705044775e-05,Success,0.0
477,14,718.8486539919267,858.4485978771494,749.797899225572,945.8186676152992,12,7,14.0,2.0,165.6247204902775,165.66875249027748,6.978601705044775e-05,Success,0.0
506,15,809.3768955961881,676.8838232593741,117.55316348988987,642.6570074197015,8,7,14.0,2.0,165.71223563382338,165.75626763382337,6.978601705044775e-05,Success,0.0
455,10,475.43614994417794,48.392268693150385,69.32510327842733,193.94271475568857,11,7,14.0,2.0,166.88918128382932,166.9332132838293,6.978601705044775e-05,Success,0.0
509,14,718.8486539919267,858.4485978771494,749.797899225572,945.8186676152992,12,7,14.0,2.0,167.66989981464732,167.7139318146473,6.978601705044775e-05,Success,0.0
512,14,718.8486539919267,858.4485978771494,749.797899225572,945.8186676152992,12,7,14.0,2.0,168.22502246241243,168.2690544624124,6.978601705044775e-05,Success,0.0
484,0,867.5861553957074,99.07880498304411,344.60059344330085,762.3930251895925,9,7,14.0,2.0,170.0,170.0,0.0,Mobility,
485,1,155.14910892458568,981.5825162292364,615.0136524200789,797.7720872348494,8,7,14.0,2.0,170.0,170.0,0.0,Mobility,
486,2,132.57140369433063,883.1392963863779,168.0128774969305,966.6840664694678,10,7,14.0,2.0,170.0,170.0,0.0,Mobility,
487,3,818.6193201650208,586.1924351157043,537.3831900683317,576.8710373479313,7,7,14.0,2.0,170.0,170.0,0.0,Mobility,
488,4,888.1998485511159,496.35843758049293,499.62278181515575,95.42064689277052,8,7,14.0,2.0,170.0,170.0,0.0,Mobility,
489,5,71.31908256740216,15.574884482125073,310.0120899946003,116.44401761230027,12,7,14.0,2.0,170.0,170.0,0.0,Mobility,
490,6,500.3736999066967,723.0609803129427,269.26139440784846,518.1739622265277,10,7,14.0,2.0,170.0,170.0,0.0,Mobility,
491,7,908.024159778063,733.4833770141684,461.04006339141677,340.2428184357249,12,7,14.0,2.0,170.0,170.0,0.0,Mobility,
492,8,706.2017592075204,17.841557656584904,978.8713664103964,724.8897591582424,9,7,14.0,2.0,170.0,170.0,0.0,Mobility,
493,9,623.8356088389882,482.3038907933122,558.004600316618,687.920898210358,8,7,14.0,2.0,170.0,170.0,0.0,Mobility,
494,10,475.43614994417794,48.392268693150385,69.32510327842733,193.94271475568857,11,7,14.0,2.0,170.0,170.0,0.0,Mobility,
495,11,450.84407337278986,548.7839762829241,495.5519041455759,28.899122478820093,12,7,14.0,2.0,170.0,170.0,0.0,Mobility,
496,12,848.9869617661523,285.06193778823075,47.95884442777299,483.0920285954779,8,7,14.0,2.0,170.0,170.0,0.0,Mobility,
497,13,561.9751347290974,952.8718265302819,754.3000643560098,92.66386472143273,11,7,14.0,2.0,170.0,170.0,0.0,Mobility,
498,14,718.8486539919267,858.4485978771494,749.797899225572,945.8186676152992,12,7,14.0,2.0,170.0,170.0,0.0,Mobility,
499,15,809.3768955961881,676.8838232593741,117.55316348988987,642.6570074197015,8,7,14.0,2.0,170.0,170.0,0.0,Mobility,
500,16,872.4011649911365,570.319211074428,842.6933760957166,559.5737743676073,12,7,14.0,2.0,170.0,170.0,0.0,Mobility,
501,17,762.606856882313,815.8512303884542,86.91413492003286,987.0416340377515,12,7,14.0,2.0,170.0,170.0,0.0,Mobility,
502,18,922.6988042065609,583.9012644750682,229.2980868053044,170.6478746213621,11,7,14.0,2.0,170.0,170.0,0.0,Mobility,
503,19,168.11466083844306,135.41053582114736,633.8819273324463,832.2531279835749,10,7,14.0,2.0,170.0,170.0,0.0,Mobility,
357,7,908.024159778063,733.4833770141684,461.04006339141677,340.2428184357249,12,7,14.0,2.0,170.4673352709113,170.51136727091128,6.978601705044775e-05,Success,0.0
505,13,561.9751347290974,952.8718265302819,754.3000643560098,92.66386472143273,11,7,14.0,2.0,174.53782122449851,174.5818532244985,6.978601705044775e-05,Success,0.0
482,1,155.14910892458568,981.5825162292364,615.0136524200789,797.7720872348494,8,7,14.0,2.0,175.1398428320822,175.18387483208218,6.978601705044775e-05,Success,0.0
481,16,872.4011649911365,570.319211074428,842.6933760957166,559.5737743676073,12,7,14.0,2.0,177.5283026227787,177.5723346227787,6.978601705044775e-05,Success,0.0
439,12,848.9869617661523,285.06193778823075,47.95884442777299,483.0920285954779,8,7,14.0,2.0,179.97075161216216,180.01478361216215,6.978601705044775e-05,Success,0.0
514,0,867.5861553957074,99.07880498304411,344.60059344330085,762.3930251895925,9,7,14.0,2.0,180.0,180.0,0.0,Mobility,
515,1,155.14910892458568,981.5825162292364,615.0136524200789,797.7720872348494,8,7,14.0,2.0,180.0,180.0,0.0,Mobility,
516,2,132.57140369433063,883.1392963863779,168.0128774969305,966.6840664694678,10,7,14.0,2.0,180.0,180.0,0.0,Mobility,
517,3,818.6193201650208,586.1924351157043,537.3831900683317,576.8710373479313,7,7,14.0,2.0,180.0,180.0,0.0,Mobility,
518,4,888.1998485511159,496.35843758049293,499.62278181515575,95.42064689277052,8,7,14.0,2.0,180.0,180.0,0.0,Mobility,
519,5,71.31908256740216,15.574884482125073,310.0120899946003,116.44401761230027,12,7,14.0,2.0,180.0,180.0,0.0,Mobility,
520,6,500.3736999066967,723.0609803129427,269.26139440784846,518.1739622265277,10,7,14.0,2.0,180.0,180.0,0.0,Mobility,
521,7,908.024159778063,733.4833770141684,461.04006339141677,340.2428184357249,12,7,14.0,2.0,180.0,180.0,0.0,Mobility,
522,8,706.2017592075204,17.841557656584904,978.8713664103964,724.8897591582424,9,7,14.0,2.0,180.0,180.0,0.0,Mobility,
523,9,623.8356088389882,482.3038907933122,558.004600316618,687.920898210358,8,7,14.0,2.0,180.0,180.0,0.0,Mobility,
524,10,475.43614994417794,48.392268693150385,69.32510327842733,193.94271475568857,11,7,14.0,2.0,180.0,180.0,0.0,Mobility,
525,11,450.84407337278986,548.7839762829241,495.5519041455759,28.899122478820093,12,7,14.0,2.0,180.0,180.0,0.0,Mobility,
527,13,561.9751347290974,952.8718265302819,754.3000643560098,92.66386472143273,11,7,14.0,2.0,180.0,180.0,0.0,Mobility,
528,14,718.8486539919267,858.4485978771494,749.797899225572,945.8186676152992,12,7,14.0,2.0,180.0,180.0,0.0,Mobility,
529,15,809.3768955961881,676.8838232593741,117.55316348988987,642.6570074197015,8,7,14.0,2.0,180.0,180.0,0.0,Mobility,
530,16,872.4011649911365,570.319211074428,842.6933760957166,559.5737743676073,12,7,14.0,2.0,180.0,180.0,0.0,Mobility,
531,17,762.606856882313,815.8512303884542,86.91413492003286,987.0416340377515,12,7,14.0,2.0,180.0,180.0,0.0,Mobility,
532,18,922.6988042065609,583.9012644750682,229.2980868053044,170.6478746213621,11,7,14.0,2.0,180.0,180.0,0.0,Mobility,
533,19,168.11466083844306,135.41053582114736,633.8819273324463,832.2531279835749,10,7,14.0,2.0,180.0,180.0,0.0,Mobility,
551,12,848.9869617661523,285.06193778823075,47.95884442777299,483.0920285954779,8,7,14.0,2.0,180.01478361216215,180.01478361216215,0.0,Mobility,
536,1,155.14910892458568,981.5825162292364,615.0136524200789,797.7720872348494,8,7,14.0,2.0,182.52556684184142,182.5695988418414,6.978601705044775e-05,Success,0.0
451,6,500.3736999066967,723.0609803129427,269.26139440784846,518.1739622265277,10,7,14.0,2.0,185.8932745682524,185.93730656825238,6.978601705044775e-05,,
